{
  "image_1": "https://images.unsplash.com/photo-1560472354-b33ff0c44a43?w=400&h=400&fit=crop&crop=center&auto=format&q=80",
  "image_2": "https://images.unsplash.com/photo-1515562141207-7a88fb7ce338?w=400&h=400&fit=crop&crop=center&auto=format&q=80",
  "image_3": "https://images.unsplash.com/photo-1556821840-3a63f95609a7?w=400&h=400&fit=crop&crop=center&auto=format&q=80",
  "image_4": "https://images.unsplash.com/photo-1583496661160-fb5886a13d5e?w=400&h=400&fit=crop&crop=center&auto=format&q=80",
  "image_5": "https://images.unsplash.com/photo-1560472354-b33ff0c44a43?w=400&h=400&fit=crop&crop=center&auto=format&q=80",
  "image_6": "https://images.unsplash.com/photo-1605100804763-247f67b3557e?w=400&h=400&fit=crop&crop=center&auto=format&q=80",
  "image_7": "https://images.unsplash.com/photo-1542272604-787c3835535d?w=400&h=400&fit=crop&crop=center&auto=format&q=80",
  "image_8": "https://images.unsplash.com/photo-1515372039744-b8f02a3ae446?w=400&h=400&fit=crop&crop=center&auto=format&q=80",
  "image_9": "https://images.unsplash.com/photo-1498049794561-7780e7231661?w=400&h=400&fit=crop&crop=center&auto=format&q=80",
  "image_10": "https://images.unsplash.com/photo-1515562141207-7a88fb7ce338?w=400&h=400&fit=crop&crop=center&auto=format&q=80",
  "image_11": "https://images.unsplash.com/photo-1556821840-3a63f95609a7?w=400&h=400&fit=crop&crop=center&auto=format&q=80",
  "image_12": "https://images.unsplash.com/photo-1583496661160-fb5886a13d5e?w=400&h=400&fit=crop&crop=center&auto=format&q=80",
  "image_13": "https://images.unsplash.com/photo-1511707171634-5f897ff02aa9?w=400&h=400&fit=crop&crop=center&auto=format&q=80",
  "image_14": "https://images.unsplash.com/photo-1605100804763-247f67b3557e?w=400&h=400&fit=crop&crop=center&auto=format&q=80",
  "image_15": "https://images.unsplash.com/photo-1556821840-3a63f95609a7?w=400&h=400&fit=crop&crop=center&auto=format&q=80",
  "image_16": "https://images.unsplash.com/photo-1515372039744-b8f02a3ae446?w=400&h=400&fit=crop&crop=center&auto=format&q=80",
  "image_17": "https://images.unsplash.com/photo-1558618047-3c8c76ca7d13?w=400&h=400&fit=crop&crop=center&auto=format&q=80",
  "image_18": "https://images.unsplash.com/photo-1605100804763-247f67b3557e?w=400&h=400&fit=crop&crop=center&auto=format&q=80",
  "image_19": "https://images.unsplash.com/photo-1521572163474-6864f9cf17ab?w=400&h=400&fit=crop&crop=center&auto=format&q=80",
  "image_20": "https://images.unsplash.com/photo-1594633312681-425c7b97ccd1?w=400&h=400&fit=crop&crop=center&auto=format&q=80",
  "image_21": "https://images.unsplash.com/photo-1574269909862-7e1d70bb8078?w=400&h=400&fit=crop&crop=center&auto=format&q=80",
  "image_22": "https://images.unsplash.com/photo-1515562141207-7a88fb7ce338?w=400&h=400&fit=crop&crop=center&auto=format&q=80",
  "image_23": "https://images.unsplash.com/photo-1521572163474-6864f9cf17ab?w=400&h=400&fit=crop&crop=center&auto=format&q=80",
  "image_24": "https://images.unsplash.com/photo-1594633312681-425c7b97ccd1?w=400&h=400&fit=crop&crop=center&auto=format&q=80",
  "image_25": "https://images.unsplash.com/photo-1558618047-3c8c76ca7d13?w=400&h=400&fit=crop&crop=center&auto=format&q=80",
  "image_26": "https://images.unsplash.com/photo-1603561596112-df9d7f5e0c0e?w=400&h=400&fit=crop&crop=center&auto=format&q=80",
  "image_27": "https://images.unsplash.com/photo-1521572163474-6864f9cf17ab?w=400&h=400&fit=crop&crop=center&auto=format&q=80",
  "image_28": "https://images.unsplash.com/photo-1515372039744-b8f02a3ae446?w=400&h=400&fit=crop&crop=center&auto=format&q=80",
  "image_29": "https://images.unsplash.com/photo-1581578731548-c6a0c3f2b4a4?w=400&h=400&fit=crop&crop=center&auto=format&q=80",
  "image_30": "https://images.unsplash.com/photo-1605100804763-247f67b3557e?w=400&h=400&fit=crop&crop=center&auto=format&q=80",
  "image_31": "https://images.unsplash.com/photo-1556821840-3a63f95609a7?w=400&h=400&fit=crop&crop=center&auto=format&q=80",
  "image_32": "https://images.unsplash.com/photo-1571513728751-8c9d6e7c7c3b?w=400&h=400&fit=crop&crop=center&auto=format&q=80",
  "image_33": "https://images.unsplash.com/photo-1505740420928-5e560c06d30e?w=400&h=400&fit=crop&crop=center&auto=format&q=80",
  "image_34": "https://images.unsplash.com/photo-1506630448388-4e683c67ddb0?w=400&h=400&fit=crop&crop=center&auto=format&q=80",
  "image_35": "https://images.unsplash.com/photo-1542272604-787c3835535d?w=400&h=400&fit=crop&crop=center&auto=format&q=80",
  "image_36": "https://images.unsplash.com/photo-1583496661160-fb5886a13d5e?w=400&h=400&fit=crop&crop=center&auto=format&q=80",
  "image_37": "https://images.unsplash.com/photo-1527443224154-c4a3942d3acf?w=400&h=400&fit=crop&crop=center&auto=format&q=80",
  "image_38": "https://images.unsplash.com/photo-1605100804763-247f67b3557e?w=400&h=400&fit=crop&crop=center&auto=format&q=80",
  "image_39": "https://images.unsplash.com/photo-1556821840-3a63f95609a7?w=400&h=400&fit=crop&crop=center&auto=format&q=80",
  "image_40": "https://images.unsplash.com/photo-1571513728751-8c9d6e7c7c3b?w=400&h=400&fit=crop&crop=center&auto=format&q=80",
  "image_41": "https://images.unsplash.com/photo-1505740420928-5e560c06d30e?w=400&h=400&fit=crop&crop=center&auto=format&q=80",
  "image_42": "https://images.unsplash.com/photo-1605100804763-247f67b3557e?w=400&h=400&fit=crop&crop=center&auto=format&q=80",
  "image_43": "https://images.unsplash.com/photo-1556821840-3a63f95609a7?w=400&h=400&fit=crop&crop=center&auto=format&q=80",
  "image_44": "https://images.unsplash.com/photo-1515372039744-b8f02a3ae446?w=400&h=400&fit=crop&crop=center&auto=format&q=80",
  "image_45": "https://images.unsplash.com/photo-1558618047-3c8c76ca7d13?w=400&h=400&fit=crop&crop=center&auto=format&q=80",
  "image_46": "https://images.unsplash.com/photo-1603561596112-df9d7f5e0c0e?w=400&h=400&fit=crop&crop=center&auto=format&q=80",
  "image_47": "https://images.unsplash.com/photo-1556821840-3a63f95609a7?w=400&h=400&fit=crop&crop=center&auto=format&q=80",
  "image_48": "https://images.unsplash.com/photo-1515372039744-b8f02a3ae446?w=400&h=400&fit=crop&crop=center&auto=format&q=80",
  "image_49": "https://images.unsplash.com/photo-1560472354-b33ff0c44a43?w=400&h=400&fit=crop&crop=center&auto=format&q=80",
  "image_50": "https://images.unsplash.com/photo-1603561596112-df9d7f5e0c0e?w=400&h=400&fit=crop&crop=center&auto=format&q=80",
  "image_51": "https://images.unsplash.com/photo-1542272604-787c3835535d?w=400&h=400&fit=crop&crop=center&auto=format&q=80",
  "image_52": "https://images.unsplash.com/photo-1583496661160-fb5886a13d5e?w=400&h=400&fit=crop&crop=center&auto=format&q=80",
  "image_53": "https://images.unsplash.com/photo-1523275335684-37898b6baf30?w=400&h=400&fit=crop&crop=center&auto=format&q=80",
  "image_54": "https://images.unsplash.com/photo-1603561596112-df9d7f5e0c0e?w=400&h=400&fit=crop&crop=center&auto=format&q=80",
  "image_55": "https://images.unsplash.com/photo-1551028719-00167b16eac5?w=400&h=400&fit=crop&crop=center&auto=format&q=80",
  "image_56": "https://images.unsplash.com/photo-1571513728751-8c9d6e7c7c3b?w=400&h=400&fit=crop&crop=center&auto=format&q=80",
  "image_57": "https://images.unsplash.com/photo-1574269909862-7e1d70bb8078?w=400&h=400&fit=crop&crop=center&auto=format&q=80",
  "image_58": "https://images.unsplash.com/photo-1603561596112-df9d7f5e0c0e?w=400&h=400&fit=crop&crop=center&auto=format&q=80",
  "image_59": "https://images.unsplash.com/photo-1556821840-3a63f95609a7?w=400&h=400&fit=crop&crop=center&auto=format&q=80",
  "image_60": "https://images.unsplash.com/photo-1571513728751-8c9d6e7c7c3b?w=400&h=400&fit=crop&crop=center&auto=format&q=80",
  "image_61": "https://images.unsplash.com/photo-1581578731548-c6a0c3f2b4a4?w=400&h=400&fit=crop&crop=center&auto=format&q=80",
  "image_62": "https://images.unsplash.com/photo-1605100804763-247f67b3557e?w=400&h=400&fit=crop&crop=center&auto=format&q=80",
  "image_63": "https://images.unsplash.com/photo-1551028719-00167b16eac5?w=400&h=400&fit=crop&crop=center&auto=format&q=80",
  "image_64": "https://images.unsplash.com/photo-1571513728751-8c9d6e7c7c3b?w=400&h=400&fit=crop&crop=center&auto=format&q=80",
  "image_65": "https://images.unsplash.com/photo-1574269909862-7e1d70bb8078?w=400&h=400&fit=crop&crop=center&auto=format&q=80",
  "image_66": "https://images.unsplash.com/photo-1506630448388-4e683c67ddb0?w=400&h=400&fit=crop&crop=center&auto=format&q=80",
  "image_67": "https://images.unsplash.com/photo-1542272604-787c3835535d?w=400&h=400&fit=crop&crop=center&auto=format&q=80",
  "image_68": "https://images.unsplash.com/photo-1571513728751-8c9d6e7c7c3b?w=400&h=400&fit=crop&crop=center&auto=format&q=80",
  "image_69": "https://images.unsplash.com/photo-1574269909862-7e1d70bb8078?w=400&h=400&fit=crop&crop=center&auto=format&q=80",
  "image_70": "https://images.unsplash.com/photo-1515562141207-7a88fb7ce338?w=400&h=400&fit=crop&crop=center&auto=format&q=80",
  "image_71": "https://images.unsplash.com/photo-1521572163474-6864f9cf17ab?w=400&h=400&fit=crop&crop=center&auto=format&q=80",
  "image_72": "https://images.unsplash.com/photo-1594633312681-425c7b97ccd1?w=400&h=400&fit=crop&crop=center&auto=format&q=80",
  "image_73": "https://images.unsplash.com/photo-1498049794561-7780e7231661?w=400&h=400&fit=crop&crop=center&auto=format&q=80",
  "image_74": "https://images.unsplash.com/photo-1603561596112-df9d7f5e0c0e?w=400&h=400&fit=crop&crop=center&auto=format&q=80",
  "image_75": "https://images.unsplash.com/photo-1556821840-3a63f95609a7?w=400&h=400&fit=crop&crop=center&auto=format&q=80",
  "image_76": "https://images.unsplash.com/photo-1571513728751-8c9d6e7c7c3b?w=400&h=400&fit=crop&crop=center&auto=format&q=80",
  "image_77": "https://images.unsplash.com/photo-1527443224154-c4a3942d3acf?w=400&h=400&fit=crop&crop=center&auto=format&q=80",
  "image_78": "https://images.unsplash.com/photo-1605100804763-247f67b3557e?w=400&h=400&fit=crop&crop=center&auto=format&q=80",
  "image_79": "https://images.unsplash.com/photo-1556821840-3a63f95609a7?w=400&h=400&fit=crop&crop=center&auto=format&q=80",
  "image_80": "https://images.unsplash.com/photo-1594633312681-425c7b97ccd1?w=400&h=400&fit=crop&crop=center&auto=format&q=80",
  "image_81": "https://images.unsplash.com/photo-1560472354-b33ff0c44a43?w=400&h=400&fit=crop&crop=center&auto=format&q=80",
  "image_82": "https://images.unsplash.com/photo-1605100804763-247f67b3557e?w=400&h=400&fit=crop&crop=center&auto=format&q=80",
  "image_83": "https://images.unsplash.com/photo-1551028719-00167b16eac5?w=400&h=400&fit=crop&crop=center&auto=format&q=80",
  "image_84": "https://images.unsplash.com/photo-1594633312681-425c7b97ccd1?w=400&h=400&fit=crop&crop=center&auto=format&q=80",
  "image_85": "https://images.unsplash.com/photo-1581578731548-c6a0c3f2b4a4?w=400&h=400&fit=crop&crop=center&auto=format&q=80",
  "image_86": "https://images.unsplash.com/photo-1515562141207-7a88fb7ce338?w=400&h=400&fit=crop&crop=center&auto=format&q=80",
  "image_87": "https://images.unsplash.com/photo-1551028719-00167b16eac5?w=400&h=400&fit=crop&crop=center&auto=format&q=80",
  "image_88": "https://images.unsplash.com/photo-1594633312681-425c7b97ccd1?w=400&h=400&fit=crop&crop=center&auto=format&q=80",
  "image_89": "https://images.unsplash.com/photo-1505740420928-5e560c06d30e?w=400&h=400&fit=crop&crop=center&auto=format&q=80",
  "image_90": "https://images.unsplash.com/photo-1515562141207-7a88fb7ce338?w=400&h=400&fit=crop&crop=center&auto=format&q=80",
  "image_91": "https://images.unsplash.com/photo-1521572163474-6864f9cf17ab?w=400&h=400&fit=crop&crop=center&auto=format&q=80",
  "image_92": "https://images.unsplash.com/photo-1515372039744-b8f02a3ae446?w=400&h=400&fit=crop&crop=center&auto=format&q=80",
  "image_93": "https://images.unsplash.com/photo-1560472354-b33ff0c44a43?w=400&h=400&fit=crop&crop=center&auto=format&q=80",
  "image_94": "https://images.unsplash.com/photo-1603561596112-df9d7f5e0c0e?w=400&h=400&fit=crop&crop=center&auto=format&q=80",
  "image_95": "https://images.unsplash.com/photo-1521572163474-6864f9cf17ab?w=400&h=400&fit=crop&crop=center&auto=format&q=80",
  "image_96": "https://images.unsplash.com/photo-1571513728751-8c9d6e7c7c3b?w=400&h=400&fit=crop&crop=center&auto=format&q=80",
  "image_97": "https://images.unsplash.com/photo-1581578731548-c6a0c3f2b4a4?w=400&h=400&fit=crop&crop=center&auto=format&q=80",
  "image_98": "https://images.unsplash.com/photo-1515562141207-7a88fb7ce338?w=400&h=400&fit=crop&crop=center&auto=format&q=80",
  "image_99": "https://images.unsplash.com/photo-1521572163474-6864f9cf17ab?w=400&h=400&fit=crop&crop=center&auto=format&q=80",
  "image_100": "https://images.unsplash.com/photo-1583496661160-fb5886a13d5e?w=400&h=400&fit=crop&crop=center&auto=format&q=80",
  "image_101": "https://images.unsplash.com/photo-1505740420928-5e560c06d30e?w=400&h=400&fit=crop&crop=center&auto=format&q=80",
  "image_102": "https://images.unsplash.com/photo-1506630448388-4e683c67ddb0?w=400&h=400&fit=crop&crop=center&auto=format&q=80",
  "image_103": "https://images.unsplash.com/photo-1556821840-3a63f95609a7?w=400&h=400&fit=crop&crop=center&auto=format&q=80",
  "image_104": "https://images.unsplash.com/photo-1583496661160-fb5886a13d5e?w=400&h=400&fit=crop&crop=center&auto=format&q=80",
  "image_105": "https://images.unsplash.com/photo-1523275335684-37898b6baf30?w=400&h=400&fit=crop&crop=center&auto=format&q=80",
  "image_106": "https://images.unsplash.com/photo-1506630448388-4e683c67ddb0?w=400&h=400&fit=crop&crop=center&auto=format&q=80",
  "image_107": "https://images.unsplash.com/photo-1551028719-00167b16eac5?w=400&h=400&fit=crop&crop=center&auto=format&q=80",
  "image_108": "https://images.unsplash.com/photo-1571513728751-8c9d6e7c7c3b?w=400&h=400&fit=crop&crop=center&auto=format&q=80",
  "image_109": "https://images.unsplash.com/photo-1498049794561-7780e7231661?w=400&h=400&fit=crop&crop=center&auto=format&q=80",
  "image_110": "https://images.unsplash.com/photo-1605100804763-247f67b3557e?w=400&h=400&fit=crop&crop=center&auto=format&q=80",
  "image_111": "https://images.unsplash.com/photo-1542272604-787c3835535d?w=400&h=400&fit=crop&crop=center&auto=format&q=80",
  "image_112": "https://images.unsplash.com/photo-1594633312681-425c7b97ccd1?w=400&h=400&fit=crop&crop=center&auto=format&q=80",
  "image_113": "https://images.unsplash.com/photo-1560472354-b33ff0c44a43?w=400&h=400&fit=crop&crop=center&auto=format&q=80",
  "image_114": "https://images.unsplash.com/photo-1515562141207-7a88fb7ce338?w=400&h=400&fit=crop&crop=center&auto=format&q=80",
  "image_115": "https://images.unsplash.com/photo-1551028719-00167b16eac5?w=400&h=400&fit=crop&crop=center&auto=format&q=80",
  "image_116": "https://images.unsplash.com/photo-1594633312681-425c7b97ccd1?w=400&h=400&fit=crop&crop=center&auto=format&q=80",
  "image_117": "https://images.unsplash.com/photo-1498049794561-7780e7231661?w=400&h=400&fit=crop&crop=center&auto=format&q=80",
  "image_118": "https://images.unsplash.com/photo-1506630448388-4e683c67ddb0?w=400&h=400&fit=crop&crop=center&auto=format&q=80",
  "image_119": "https://images.unsplash.com/photo-1551028719-00167b16eac5?w=400&h=400&fit=crop&crop=center&auto=format&q=80",
  "image_120": "https://images.unsplash.com/photo-1571513728751-8c9d6e7c7c3b?w=400&h=400&fit=crop&crop=center&auto=format&q=80",
  "image_121": "https://images.unsplash.com/photo-1581578731548-c6a0c3f2b4a4?w=400&h=400&fit=crop&crop=center&auto=format&q=80",
  "image_122": "https://images.unsplash.com/photo-1506630448388-4e683c67ddb0?w=400&h=400&fit=crop&crop=center&auto=format&q=80",
  "image_123": "https://images.unsplash.com/photo-1551028719-00167b16eac5?w=400&h=400&fit=crop&crop=center&auto=format&q=80",
  "image_124": "https://images.unsplash.com/photo-1515372039744-b8f02a3ae446?w=400&h=400&fit=crop&crop=center&auto=format&q=80",
  "image_125": "https://images.unsplash.com/photo-1505740420928-5e560c06d30e?w=400&h=400&fit=crop&crop=center&auto=format&q=80",
  "image_126": "https://images.unsplash.com/photo-1506630448388-4e683c67ddb0?w=400&h=400&fit=crop&crop=center&auto=format&q=80",
  "image_127": "https://images.unsplash.com/photo-1556821840-3a63f95609a7?w=400&h=400&fit=crop&crop=center&auto=format&q=80",
  "image_128": "https://images.unsplash.com/photo-1515372039744-b8f02a3ae446?w=400&h=400&fit=crop&crop=center&auto=format&q=80",
  "image_129": "https://images.unsplash.com/photo-1558618047-3c8c76ca7d13?w=400&h=400&fit=crop&crop=center&auto=format&q=80",
  "image_130": "https://images.unsplash.com/photo-1506630448388-4e683c67ddb0?w=400&h=400&fit=crop&crop=center&auto=format&q=80",
  "image_131": "https://images.unsplash.com/photo-1551028719-00167b16eac5?w=400&h=400&fit=crop&crop=center&auto=format&q=80",
  "image_132": "https://images.unsplash.com/photo-1583496661160-fb5886a13d5e?w=400&h=400&fit=crop&crop=center&auto=format&q=80",
  "image_133": "https://images.unsplash.com/photo-1511707171634-5f897ff02aa9?w=400&h=400&fit=crop&crop=center&auto=format&q=80",
  "image_134": "https://images.unsplash.com/photo-1506630448388-4e683c67ddb0?w=400&h=400&fit=crop&crop=center&auto=format&q=80",
  "image_135": "https://images.unsplash.com/photo-1556821840-3a63f95609a7?w=400&h=400&fit=crop&crop=center&auto=format&q=80",
  "image_136": "https://images.unsplash.com/photo-1583496661160-fb5886a13d5e?w=400&h=400&fit=crop&crop=center&auto=format&q=80",
  "image_137": "https://images.unsplash.com/photo-1574269909862-7e1d70bb8078?w=400&h=400&fit=crop&crop=center&auto=format&q=80",
  "image_138": "https://images.unsplash.com/photo-1506630448388-4e683c67ddb0?w=400&h=400&fit=crop&crop=center&auto=format&q=80",
  "image_139": "https://images.unsplash.com/photo-1542272604-787c3835535d?w=400&h=400&fit=crop&crop=center&auto=format&q=80",
  "image_140": "https://images.unsplash.com/photo-1515372039744-b8f02a3ae446?w=400&h=400&fit=crop&crop=center&auto=format&q=80",
  "image_141": "https://images.unsplash.com/photo-1523275335684-37898b6baf30?w=400&h=400&fit=crop&crop=center&auto=format&q=80",
  "image_142": "https://images.unsplash.com/photo-1605100804763-247f67b3557e?w=400&h=400&fit=crop&crop=center&auto=format&q=80",
  "image_143": "https://images.unsplash.com/photo-1521572163474-6864f9cf17ab?w=400&h=400&fit=crop&crop=center&auto=format&q=80",
  "image_144": "https://images.unsplash.com/photo-1583496661160-fb5886a13d5e?w=400&h=400&fit=crop&crop=center&auto=format&q=80",
  "image_145": "https://images.unsplash.com/photo-1505740420928-5e560c06d30e?w=400&h=400&fit=crop&crop=center&auto=format&q=80",
  "image_146": "https://images.unsplash.com/photo-1605100804763-247f67b3557e?w=400&h=400&fit=crop&crop=center&auto=format&q=80",
  "image_147": "https://images.unsplash.com/photo-1551028719-00167b16eac5?w=400&h=400&fit=crop&crop=center&auto=format&q=80",
  "image_148": "https://images.unsplash.com/photo-1515372039744-b8f02a3ae446?w=400&h=400&fit=crop&crop=center&auto=format&q=80",
  "image_149": "https://images.unsplash.com/photo-1560472354-b33ff0c44a43?w=400&h=400&fit=crop&crop=center&auto=format&q=80",
  "image_150": "https://images.unsplash.com/photo-1603561596112-df9d7f5e0c0e?w=400&h=400&fit=crop&crop=center&auto=format&q=80",
  "image_151": "https://images.unsplash.com/photo-1556821840-3a63f95609a7?w=400&h=400&fit=crop&crop=center&auto=format&q=80",
  "image_152": "https://images.unsplash.com/photo-1515372039744-b8f02a3ae446?w=400&h=400&fit=crop&crop=center&auto=format&q=80",
  "image_153": "https://images.unsplash.com/photo-1523275335684-37898b6baf30?w=400&h=400&fit=crop&crop=center&auto=format&q=80",
  "image_154": "https://images.unsplash.com/photo-1506630448388-4e683c67ddb0?w=400&h=400&fit=crop&crop=center&auto=format&q=80",
  "image_155": "https://images.unsplash.com/photo-1551028719-00167b16eac5?w=400&h=400&fit=crop&crop=center&auto=format&q=80",
  "image_156": "https://images.unsplash.com/photo-1515372039744-b8f02a3ae446?w=400&h=400&fit=crop&crop=center&auto=format&q=80",
  "image_157": "https://images.unsplash.com/photo-1574269909862-7e1d70bb8078?w=400&h=400&fit=crop&crop=center&auto=format&q=80",
  "image_158": "https://images.unsplash.com/photo-1515562141207-7a88fb7ce338?w=400&h=400&fit=crop&crop=center&auto=format&q=80",
  "image_159": "https://images.unsplash.com/photo-1556821840-3a63f95609a7?w=400&h=400&fit=crop&crop=center&auto=format&q=80",
  "image_160": "https://images.unsplash.com/photo-1583496661160-fb5886a13d5e?w=400&h=400&fit=crop&crop=center&auto=format&q=80",
  "image_161": "https://images.unsplash.com/photo-1527443224154-c4a3942d3acf?w=400&h=400&fit=crop&crop=center&auto=format&q=80",
  "image_162": "https://images.unsplash.com/photo-1603561596112-df9d7f5e0c0e?w=400&h=400&fit=crop&crop=center&auto=format&q=80",
  "image_163": "https://images.unsplash.com/photo-1542272604-787c3835535d?w=400&h=400&fit=crop&crop=center&auto=format&q=80",
  "image_164": "https://images.unsplash.com/photo-1594633312681-425c7b97ccd1?w=400&h=400&fit=crop&crop=center&auto=format&q=80",
  "image_165": "https://images.unsplash.com/photo-1498049794561-7780e7231661?w=400&h=400&fit=crop&crop=center&auto=format&q=80",
  "image_166": "https://images.unsplash.com/photo-1506630448388-4e683c67ddb0?w=400&h=400&fit=crop&crop=center&auto=format&q=80",
  "image_167": "https://images.unsplash.com/photo-1521572163474-6864f9cf17ab?w=400&h=400&fit=crop&crop=center&auto=format&q=80",
  "image_168": "https://images.unsplash.com/photo-1594633312681-425c7b97ccd1?w=400&h=400&fit=crop&crop=center&auto=format&q=80",
  "image_169": "https://images.unsplash.com/photo-1527443224154-c4a3942d3acf?w=400&h=400&fit=crop&crop=center&auto=format&q=80",
  "image_170": "https://images.unsplash.com/photo-1506630448388-4e683c67ddb0?w=400&h=400&fit=crop&crop=center&auto=format&q=80",
  "image_171": "https://images.unsplash.com/photo-1551028719-00167b16eac5?w=400&h=400&fit=crop&crop=center&auto=format&q=80",
  "image_172": "https://images.unsplash.com/photo-1571513728751-8c9d6e7c7c3b?w=400&h=400&fit=crop&crop=center&auto=format&q=80",
  "image_173": "https://images.unsplash.com/photo-1574269909862-7e1d70bb8078?w=400&h=400&fit=crop&crop=center&auto=format&q=80",
  "image_174": "https://images.unsplash.com/photo-1506630448388-4e683c67ddb0?w=400&h=400&fit=crop&crop=center&auto=format&q=80",
  "image_175": "https://images.unsplash.com/photo-1542272604-787c3835535d?w=400&h=400&fit=crop&crop=center&auto=format&q=80",
  "image_176": "https://images.unsplash.com/photo-1571513728751-8c9d6e7c7c3b?w=400&h=400&fit=crop&crop=center&auto=format&q=80",
  "image_177": "https://images.unsplash.com/photo-1505740420928-5e560c06d30e?w=400&h=400&fit=crop&crop=center&auto=format&q=80",
  "image_178": "https://images.unsplash.com/photo-1506630448388-4e683c67ddb0?w=400&h=400&fit=crop&crop=center&auto=format&q=80",
  "image_179": "https://images.unsplash.com/photo-1556821840-3a63f95609a7?w=400&h=400&fit=crop&crop=center&auto=format&q=80",
  "image_180": "https://images.unsplash.com/photo-1515372039744-b8f02a3ae446?w=400&h=400&fit=crop&crop=center&auto=format&q=80",
  "image_181": "https://images.unsplash.com/photo-1560472354-b33ff0c44a43?w=400&h=400&fit=crop&crop=center&auto=format&q=80",
  "image_182": "https://images.unsplash.com/photo-1506630448388-4e683c67ddb0?w=400&h=400&fit=crop&crop=center&auto=format&q=80",
  "image_183": "https://images.unsplash.com/photo-1556821840-3a63f95609a7?w=400&h=400&fit=crop&crop=center&auto=format&q=80",
  "image_184": "https://images.unsplash.com/photo-1583496661160-fb5886a13d5e?w=400&h=400&fit=crop&crop=center&auto=format&q=80",
  "image_185": "https://images.unsplash.com/photo-1498049794561-7780e7231661?w=400&h=400&fit=crop&crop=center&auto=format&q=80",
  "image_186": "https://images.unsplash.com/photo-1605100804763-247f67b3557e?w=400&h=400&fit=crop&crop=center&auto=format&q=80",
  "image_187": "https://images.unsplash.com/photo-1556821840-3a63f95609a7?w=400&h=400&fit=crop&crop=center&auto=format&q=80",
  "image_188": "https://images.unsplash.com/photo-1515372039744-b8f02a3ae446?w=400&h=400&fit=crop&crop=center&auto=format&q=80",
  "image_189": "https://images.unsplash.com/photo-1560472354-b33ff0c44a43?w=400&h=400&fit=crop&crop=center&auto=format&q=80",
  "image_190": "https://images.unsplash.com/photo-1605100804763-247f67b3557e?w=400&h=400&fit=crop&crop=center&auto=format&q=80",
  "image_191": "https://images.unsplash.com/photo-1521572163474-6864f9cf17ab?w=400&h=400&fit=crop&crop=center&auto=format&q=80",
  "image_192": "https://images.unsplash.com/photo-1583496661160-fb5886a13d5e?w=400&h=400&fit=crop&crop=center&auto=format&q=80",
  "image_193": "https://images.unsplash.com/photo-1581578731548-c6a0c3f2b4a4?w=400&h=400&fit=crop&crop=center&auto=format&q=80",
  "image_194": "https://images.unsplash.com/photo-1515562141207-7a88fb7ce338?w=400&h=400&fit=crop&crop=center&auto=format&q=80",
  "image_195": "https://images.unsplash.com/photo-1551028719-00167b16eac5?w=400&h=400&fit=crop&crop=center&auto=format&q=80",
  "image_196": "https://images.unsplash.com/photo-1594633312681-425c7b97ccd1?w=400&h=400&fit=crop&crop=center&auto=format&q=80",
  "image_197": "https://images.unsplash.com/photo-1505740420928-5e560c06d30e?w=400&h=400&fit=crop&crop=center&auto=format&q=80",
  "image_198": "https://images.unsplash.com/photo-1605100804763-247f67b3557e?w=400&h=400&fit=crop&crop=center&auto=format&q=80",
  "image_199": "https://images.unsplash.com/photo-1542272604-787c3835535d?w=400&h=400&fit=crop&crop=center&auto=format&q=80",
  "image_200": "https://images.unsplash.com/photo-1594633312681-425c7b97ccd1?w=400&h=400&fit=crop&crop=center&auto=format&q=80",
  "image_201": "https://images.unsplash.com/photo-1523275335684-37898b6baf30?w=400&h=400&fit=crop&crop=center&auto=format&q=80",
  "image_202": "https://images.unsplash.com/photo-1515562141207-7a88fb7ce338?w=400&h=400&fit=crop&crop=center&auto=format&q=80",
  "image_203": "https://images.unsplash.com/photo-1556821840-3a63f95609a7?w=400&h=400&fit=crop&crop=center&auto=format&q=80",
  "image_204": "https://images.unsplash.com/photo-1583496661160-fb5886a13d5e?w=400&h=400&fit=crop&crop=center&auto=format&q=80",
  "image_205": "https://images.unsplash.com/photo-1511707171634-5f897ff02aa9?w=400&h=400&fit=crop&crop=center&auto=format&q=80",
  "image_206": "https://images.unsplash.com/photo-1605100804763-247f67b3557e?w=400&h=400&fit=crop&crop=center&auto=format&q=80",
  "image_207": "https://images.unsplash.com/photo-1556821840-3a63f95609a7?w=400&h=400&fit=crop&crop=center&auto=format&q=80",
  "image_208": "https://images.unsplash.com/photo-1515372039744-b8f02a3ae446?w=400&h=400&fit=crop&crop=center&auto=format&q=80",
  "image_209": "https://images.unsplash.com/photo-1523275335684-37898b6baf30?w=400&h=400&fit=crop&crop=center&auto=format&q=80",
  "image_210": "https://images.unsplash.com/photo-1506630448388-4e683c67ddb0?w=400&h=400&fit=crop&crop=center&auto=format&q=80",
  "image_211": "https://images.unsplash.com/photo-1556821840-3a63f95609a7?w=400&h=400&fit=crop&crop=center&auto=format&q=80",
  "image_212": "https://images.unsplash.com/photo-1571513728751-8c9d6e7c7c3b?w=400&h=400&fit=crop&crop=center&auto=format&q=80",
  "image_213": "https://images.unsplash.com/photo-1581578731548-c6a0c3f2b4a4?w=400&h=400&fit=crop&crop=center&auto=format&q=80",
  "image_214": "https://images.unsplash.com/photo-1605100804763-247f67b3557e?w=400&h=400&fit=crop&crop=center&auto=format&q=80",
  "image_215": "https://images.unsplash.com/photo-1551028719-00167b16eac5?w=400&h=400&fit=crop&crop=center&auto=format&q=80",
  "image_216": "https://images.unsplash.com/photo-1583496661160-fb5886a13d5e?w=400&h=400&fit=crop&crop=center&auto=format&q=80",
  "image_217": "https://images.unsplash.com/photo-1498049794561-7780e7231661?w=400&h=400&fit=crop&crop=center&auto=format&q=80",
  "image_218": "https://images.unsplash.com/photo-1515562141207-7a88fb7ce338?w=400&h=400&fit=crop&crop=center&auto=format&q=80",
  "image_219": "https://images.unsplash.com/photo-1551028719-00167b16eac5?w=400&h=400&fit=crop&crop=center&auto=format&q=80",
  "image_220": "https://images.unsplash.com/photo-1571513728751-8c9d6e7c7c3b?w=400&h=400&fit=crop&crop=center&auto=format&q=80",
  "image_221": "https://images.unsplash.com/photo-1498049794561-7780e7231661?w=400&h=400&fit=crop&crop=center&auto=format&q=80",
  "image_222": "https://images.unsplash.com/photo-1515562141207-7a88fb7ce338?w=400&h=400&fit=crop&crop=center&auto=format&q=80",
  "image_223": "https://images.unsplash.com/photo-1556821840-3a63f95609a7?w=400&h=400&fit=crop&crop=center&auto=format&q=80",
  "image_224": "https://images.unsplash.com/photo-1583496661160-fb5886a13d5e?w=400&h=400&fit=crop&crop=center&auto=format&q=80",
  "image_225": "https://images.unsplash.com/photo-1523275335684-37898b6baf30?w=400&h=400&fit=crop&crop=center&auto=format&q=80",
  "image_226": "https://images.unsplash.com/photo-1515562141207-7a88fb7ce338?w=400&h=400&fit=crop&crop=center&auto=format&q=80",
  "image_227": "https://images.unsplash.com/photo-1551028719-00167b16eac5?w=400&h=400&fit=crop&crop=center&auto=format&q=80",
  "image_228": "https://images.unsplash.com/photo-1571513728751-8c9d6e7c7c3b?w=400&h=400&fit=crop&crop=center&auto=format&q=80",
  "image_229": "https://images.unsplash.com/photo-1511707171634-5f897ff02aa9?w=400&h=400&fit=crop&crop=center&auto=format&q=80",
  "image_230": "https://images.unsplash.com/photo-1605100804763-247f67b3557e?w=400&h=400&fit=crop&crop=center&auto=format&q=80",
  "image_231": "https://images.unsplash.com/photo-1556821840-3a63f95609a7?w=400&h=400&fit=crop&crop=center&auto=format&q=80",
  "image_232": "https://images.unsplash.com/photo-1515372039744-b8f02a3ae446?w=400&h=400&fit=crop&crop=center&auto=format&q=80",
  "image_233": "https://images.unsplash.com/photo-1560472354-b33ff0c44a43?w=400&h=400&fit=crop&crop=center&auto=format&q=80",
  "image_234": "https://images.unsplash.com/photo-1515562141207-7a88fb7ce338?w=400&h=400&fit=crop&crop=center&auto=format&q=80",
  "image_235": "https://images.unsplash.com/photo-1521572163474-6864f9cf17ab?w=400&h=400&fit=crop&crop=center&auto=format&q=80",
  "image_236": "https://images.unsplash.com/photo-1571513728751-8c9d6e7c7c3b?w=400&h=400&fit=crop&crop=center&auto=format&q=80",
  "image_237": "https://images.unsplash.com/photo-1523275335684-37898b6baf30?w=400&h=400&fit=crop&crop=center&auto=format&q=80",
  "image_238": "https://images.unsplash.com/photo-1603561596112-df9d7f5e0c0e?w=400&h=400&fit=crop&crop=center&auto=format&q=80",
  "image_239": "https://images.unsplash.com/photo-1551028719-00167b16eac5?w=400&h=400&fit=crop&crop=center&auto=format&q=80",
  "image_240": "https://images.unsplash.com/photo-1571513728751-8c9d6e7c7c3b?w=400&h=400&fit=crop&crop=center&auto=format&q=80",
  "image_241": "https://images.unsplash.com/photo-1574269909862-7e1d70bb8078?w=400&h=400&fit=crop&crop=center&auto=format&q=80",
  "image_242": "https://images.unsplash.com/photo-1605100804763-247f67b3557e?w=400&h=400&fit=crop&crop=center&auto=format&q=80",
  "image_243": "https://images.unsplash.com/photo-1556821840-3a63f95609a7?w=400&h=400&fit=crop&crop=center&auto=format&q=80",
  "image_244": "https://images.unsplash.com/photo-1571513728751-8c9d6e7c7c3b?w=400&h=400&fit=crop&crop=center&auto=format&q=80",
  "image_245": "https://images.unsplash.com/photo-1527443224154-c4a3942d3acf?w=400&h=400&fit=crop&crop=center&auto=format&q=80",
  "image_246": "https://images.unsplash.com/photo-1603561596112-df9d7f5e0c0e?w=400&h=400&fit=crop&crop=center&auto=format&q=80",
  "image_247": "https://images.unsplash.com/photo-1551028719-00167b16eac5?w=400&h=400&fit=crop&crop=center&auto=format&q=80",
  "image_248": "https://images.unsplash.com/photo-1594633312681-425c7b97ccd1?w=400&h=400&fit=crop&crop=center&auto=format&q=80",
  "image_249": "https://images.unsplash.com/photo-1574269909862-7e1d70bb8078?w=400&h=400&fit=crop&crop=center&auto=format&q=80",
  "image_250": "https://images.unsplash.com/photo-1605100804763-247f67b3557e?w=400&h=400&fit=crop&crop=center&auto=format&q=80",
  "image_251": "https://images.unsplash.com/photo-1542272604-787c3835535d?w=400&h=400&fit=crop&crop=center&auto=format&q=80",
  "image_252": "https://images.unsplash.com/photo-1583496661160-fb5886a13d5e?w=400&h=400&fit=crop&crop=center&auto=format&q=80",
  "image_253": "https://images.unsplash.com/photo-1558618047-3c8c76ca7d13?w=400&h=400&fit=crop&crop=center&auto=format&q=80",
  "image_254": "https://images.unsplash.com/photo-1603561596112-df9d7f5e0c0e?w=400&h=400&fit=crop&crop=center&auto=format&q=80",
  "image_255": "https://images.unsplash.com/photo-1521572163474-6864f9cf17ab?w=400&h=400&fit=crop&crop=center&auto=format&q=80",
  "image_256": "https://images.unsplash.com/photo-1515372039744-b8f02a3ae446?w=400&h=400&fit=crop&crop=center&auto=format&q=80",
  "image_257": "https://images.unsplash.com/photo-1560472354-b33ff0c44a43?w=400&h=400&fit=crop&crop=center&auto=format&q=80",
  "image_258": "https://images.unsplash.com/photo-1515562141207-7a88fb7ce338?w=400&h=400&fit=crop&crop=center&auto=format&q=80",
  "image_259": "https://images.unsplash.com/photo-1521572163474-6864f9cf17ab?w=400&h=400&fit=crop&crop=center&auto=format&q=80",
  "image_260": "https://images.unsplash.com/photo-1515372039744-b8f02a3ae446?w=400&h=400&fit=crop&crop=center&auto=format&q=80",
  "image_261": "https://images.unsplash.com/photo-1527443224154-c4a3942d3acf?w=400&h=400&fit=crop&crop=center&auto=format&q=80",
  "image_262": "https://images.unsplash.com/photo-1515562141207-7a88fb7ce338?w=400&h=400&fit=crop&crop=center&auto=format&q=80",
  "image_263": "https://images.unsplash.com/photo-1521572163474-6864f9cf17ab?w=400&h=400&fit=crop&crop=center&auto=format&q=80",
  "image_264": "https://images.unsplash.com/photo-1571513728751-8c9d6e7c7c3b?w=400&h=400&fit=crop&crop=center&auto=format&q=80",
  "image_265": "https://images.unsplash.com/photo-1511707171634-5f897ff02aa9?w=400&h=400&fit=crop&crop=center&auto=format&q=80",
  "image_266": "https://images.unsplash.com/photo-1506630448388-4e683c67ddb0?w=400&h=400&fit=crop&crop=center&auto=format&q=80",
  "image_267": "https://images.unsplash.com/photo-1521572163474-6864f9cf17ab?w=400&h=400&fit=crop&crop=center&auto=format&q=80",
  "image_268": "https://images.unsplash.com/photo-1594633312681-425c7b97ccd1?w=400&h=400&fit=crop&crop=center&auto=format&q=80",
  "image_269": "https://images.unsplash.com/photo-1560472354-b33ff0c44a43?w=400&h=400&fit=crop&crop=center&auto=format&q=80",
  "image_270": "https://images.unsplash.com/photo-1603561596112-df9d7f5e0c0e?w=400&h=400&fit=crop&crop=center&auto=format&q=80",
  "image_271": "https://images.unsplash.com/photo-1551028719-00167b16eac5?w=400&h=400&fit=crop&crop=center&auto=format&q=80",
  "image_272": "https://images.unsplash.com/photo-1515372039744-b8f02a3ae446?w=400&h=400&fit=crop&crop=center&auto=format&q=80",
  "image_273": "https://images.unsplash.com/photo-1574269909862-7e1d70bb8078?w=400&h=400&fit=crop&crop=center&auto=format&q=80",
  "image_274": "https://images.unsplash.com/photo-1603561596112-df9d7f5e0c0e?w=400&h=400&fit=crop&crop=center&auto=format&q=80",
  "image_275": "https://images.unsplash.com/photo-1556821840-3a63f95609a7?w=400&h=400&fit=crop&crop=center&auto=format&q=80",
  "image_276": "https://images.unsplash.com/photo-1594633312681-425c7b97ccd1?w=400&h=400&fit=crop&crop=center&auto=format&q=80",
  "image_277": "https://images.unsplash.com/photo-1581578731548-c6a0c3f2b4a4?w=400&h=400&fit=crop&crop=center&auto=format&q=80",
  "image_278": "https://images.unsplash.com/photo-1515562141207-7a88fb7ce338?w=400&h=400&fit=crop&crop=center&auto=format&q=80",
  "image_279": "https://images.unsplash.com/photo-1521572163474-6864f9cf17ab?w=400&h=400&fit=crop&crop=center&auto=format&q=80",
  "image_280": "https://images.unsplash.com/photo-1594633312681-425c7b97ccd1?w=400&h=400&fit=crop&crop=center&auto=format&q=80",
  "image_281": "https://images.unsplash.com/photo-1560472354-b33ff0c44a43?w=400&h=400&fit=crop&crop=center&auto=format&q=80",
  "image_282": "https://images.unsplash.com/photo-1515562141207-7a88fb7ce338?w=400&h=400&fit=crop&crop=center&auto=format&q=80",
  "image_283": "https://images.unsplash.com/photo-1542272604-787c3835535d?w=400&h=400&fit=crop&crop=center&auto=format&q=80",
  "image_284": "https://images.unsplash.com/photo-1594633312681-425c7b97ccd1?w=400&h=400&fit=crop&crop=center&auto=format&q=80",
  "image_285": "https://images.unsplash.com/photo-1560472354-b33ff0c44a43?w=400&h=400&fit=crop&crop=center&auto=format&q=80",
  "image_286": "https://images.unsplash.com/photo-1605100804763-247f67b3557e?w=400&h=400&fit=crop&crop=center&auto=format&q=80",
  "image_287": "https://images.unsplash.com/photo-1551028719-00167b16eac5?w=400&h=400&fit=crop&crop=center&auto=format&q=80",
  "image_288": "https://images.unsplash.com/photo-1583496661160-fb5886a13d5e?w=400&h=400&fit=crop&crop=center&auto=format&q=80",
  "image_289": "https://images.unsplash.com/photo-1527443224154-c4a3942d3acf?w=400&h=400&fit=crop&crop=center&auto=format&q=80",
  "image_290": "https://images.unsplash.com/photo-1605100804763-247f67b3557e?w=400&h=400&fit=crop&crop=center&auto=format&q=80",
  "image_291": "https://images.unsplash.com/photo-1521572163474-6864f9cf17ab?w=400&h=400&fit=crop&crop=center&auto=format&q=80",
  "image_292": "https://images.unsplash.com/photo-1594633312681-425c7b97ccd1?w=400&h=400&fit=crop&crop=center&auto=format&q=80",
  "image_293": "https://images.unsplash.com/photo-1581578731548-c6a0c3f2b4a4?w=400&h=400&fit=crop&crop=center&auto=format&q=80",
  "image_294": "https://images.unsplash.com/photo-1506630448388-4e683c67ddb0?w=400&h=400&fit=crop&crop=center&auto=format&q=80",
  "image_295": "https://images.unsplash.com/photo-1542272604-787c3835535d?w=400&h=400&fit=crop&crop=center&auto=format&q=80",
  "image_296": "https://images.unsplash.com/photo-1583496661160-fb5886a13d5e?w=400&h=400&fit=crop&crop=center&auto=format&q=80",
  "image_297": "https://images.unsplash.com/photo-1511707171634-5f897ff02aa9?w=400&h=400&fit=crop&crop=center&auto=format&q=80",
  "image_298": "https://images.unsplash.com/photo-1506630448388-4e683c67ddb0?w=400&h=400&fit=crop&crop=center&auto=format&q=80",
  "image_299": "https://images.unsplash.com/photo-1542272604-787c3835535d?w=400&h=400&fit=crop&crop=center&auto=format&q=80",
  "image_300": "https://images.unsplash.com/photo-1571513728751-8c9d6e7c7c3b?w=400&h=400&fit=crop&crop=center&auto=format&q=80",
  "image_301": "https://images.unsplash.com/photo-1574269909862-7e1d70bb8078?w=400&h=400&fit=crop&crop=center&auto=format&q=80",
  "image_302": "https://images.unsplash.com/photo-1515562141207-7a88fb7ce338?w=400&h=400&fit=crop&crop=center&auto=format&q=80",
  "image_303": "https://images.unsplash.com/photo-1551028719-00167b16eac5?w=400&h=400&fit=crop&crop=center&auto=format&q=80",
  "image_304": "https://images.unsplash.com/photo-1515372039744-b8f02a3ae446?w=400&h=400&fit=crop&crop=center&auto=format&q=80",
  "image_305": "https://images.unsplash.com/photo-1558618047-3c8c76ca7d13?w=400&h=400&fit=crop&crop=center&auto=format&q=80",
  "image_306": "https://images.unsplash.com/photo-1506630448388-4e683c67ddb0?w=400&h=400&fit=crop&crop=center&auto=format&q=80",
  "image_307": "https://images.unsplash.com/photo-1542272604-787c3835535d?w=400&h=400&fit=crop&crop=center&auto=format&q=80",
  "image_308": "https://images.unsplash.com/photo-1515372039744-b8f02a3ae446?w=400&h=400&fit=crop&crop=center&auto=format&q=80",
  "image_309": "https://images.unsplash.com/photo-1505740420928-5e560c06d30e?w=400&h=400&fit=crop&crop=center&auto=format&q=80",
  "image_310": "https://images.unsplash.com/photo-1603561596112-df9d7f5e0c0e?w=400&h=400&fit=crop&crop=center&auto=format&q=80",
  "image_311": "https://images.unsplash.com/photo-1542272604-787c3835535d?w=400&h=400&fit=crop&crop=center&auto=format&q=80",
  "image_312": "https://images.unsplash.com/photo-1583496661160-fb5886a13d5e?w=400&h=400&fit=crop&crop=center&auto=format&q=80",
  "image_313": "https://images.unsplash.com/photo-1527443224154-c4a3942d3acf?w=400&h=400&fit=crop&crop=center&auto=format&q=80",
  "image_314": "https://images.unsplash.com/photo-1515562141207-7a88fb7ce338?w=400&h=400&fit=crop&crop=center&auto=format&q=80",
  "image_315": "https://images.unsplash.com/photo-1542272604-787c3835535d?w=400&h=400&fit=crop&crop=center&auto=format&q=80",
  "image_316": "https://images.unsplash.com/photo-1515372039744-b8f02a3ae446?w=400&h=400&fit=crop&crop=center&auto=format&q=80",
  "image_317": "https://images.unsplash.com/photo-1498049794561-7780e7231661?w=400&h=400&fit=crop&crop=center&auto=format&q=80",
  "image_318": "https://images.unsplash.com/photo-1506630448388-4e683c67ddb0?w=400&h=400&fit=crop&crop=center&auto=format&q=80",
  "image_319": "https://images.unsplash.com/photo-1542272604-787c3835535d?w=400&h=400&fit=crop&crop=center&auto=format&q=80",
  "image_320": "https://images.unsplash.com/photo-1515372039744-b8f02a3ae446?w=400&h=400&fit=crop&crop=center&auto=format&q=80",
  "image_321": "https://images.unsplash.com/photo-1560472354-b33ff0c44a43?w=400&h=400&fit=crop&crop=center&auto=format&q=80",
  "image_322": "https://images.unsplash.com/photo-1515562141207-7a88fb7ce338?w=400&h=400&fit=crop&crop=center&auto=format&q=80",
  "image_323": "https://images.unsplash.com/photo-1521572163474-6864f9cf17ab?w=400&h=400&fit=crop&crop=center&auto=format&q=80",
  "image_324": "https://images.unsplash.com/photo-1594633312681-425c7b97ccd1?w=400&h=400&fit=crop&crop=center&auto=format&q=80",
  "image_325": "https://images.unsplash.com/photo-1560472354-b33ff0c44a43?w=400&h=400&fit=crop&crop=center&auto=format&q=80",
  "image_326": "https://images.unsplash.com/photo-1605100804763-247f67b3557e?w=400&h=400&fit=crop&crop=center&auto=format&q=80",
  "image_327": "https://images.unsplash.com/photo-1521572163474-6864f9cf17ab?w=400&h=400&fit=crop&crop=center&auto=format&q=80",
  "image_328": "https://images.unsplash.com/photo-1583496661160-fb5886a13d5e?w=400&h=400&fit=crop&crop=center&auto=format&q=80",
  "image_329": "https://images.unsplash.com/photo-1505740420928-5e560c06d30e?w=400&h=400&fit=crop&crop=center&auto=format&q=80",
  "image_330": "https://images.unsplash.com/photo-1515562141207-7a88fb7ce338?w=400&h=400&fit=crop&crop=center&auto=format&q=80",
  "image_331": "https://images.unsplash.com/photo-1542272604-787c3835535d?w=400&h=400&fit=crop&crop=center&auto=format&q=80",
  "image_332": "https://images.unsplash.com/photo-1594633312681-425c7b97ccd1?w=400&h=400&fit=crop&crop=center&auto=format&q=80",
  "image_333": "https://images.unsplash.com/photo-1574269909862-7e1d70bb8078?w=400&h=400&fit=crop&crop=center&auto=format&q=80",
  "image_334": "https://images.unsplash.com/photo-1605100804763-247f67b3557e?w=400&h=400&fit=crop&crop=center&auto=format&q=80",
  "image_335": "https://images.unsplash.com/photo-1542272604-787c3835535d?w=400&h=400&fit=crop&crop=center&auto=format&q=80",
  "image_336": "https://images.unsplash.com/photo-1515372039744-b8f02a3ae446?w=400&h=400&fit=crop&crop=center&auto=format&q=80",
  "image_337": "https://images.unsplash.com/photo-1560472354-b33ff0c44a43?w=400&h=400&fit=crop&crop=center&auto=format&q=80",
  "image_338": "https://images.unsplash.com/photo-1603561596112-df9d7f5e0c0e?w=400&h=400&fit=crop&crop=center&auto=format&q=80",
  "image_339": "https://images.unsplash.com/photo-1556821840-3a63f95609a7?w=400&h=400&fit=crop&crop=center&auto=format&q=80",
  "image_340": "https://images.unsplash.com/photo-1594633312681-425c7b97ccd1?w=400&h=400&fit=crop&crop=center&auto=format&q=80",
  "image_341": "https://images.unsplash.com/photo-1574269909862-7e1d70bb8078?w=400&h=400&fit=crop&crop=center&auto=format&q=80",
  "image_342": "https://images.unsplash.com/photo-1605100804763-247f67b3557e?w=400&h=400&fit=crop&crop=center&auto=format&q=80",
  "image_343": "https://images.unsplash.com/photo-1542272604-787c3835535d?w=400&h=400&fit=crop&crop=center&auto=format&q=80",
  "image_344": "https://images.unsplash.com/photo-1583496661160-fb5886a13d5e?w=400&h=400&fit=crop&crop=center&auto=format&q=80",
  "image_345": "https://images.unsplash.com/photo-1527443224154-c4a3942d3acf?w=400&h=400&fit=crop&crop=center&auto=format&q=80",
  "image_346": "https://images.unsplash.com/photo-1605100804763-247f67b3557e?w=400&h=400&fit=crop&crop=center&auto=format&q=80",
  "image_347": "https://images.unsplash.com/photo-1556821840-3a63f95609a7?w=400&h=400&fit=crop&crop=center&auto=format&q=80",
  "image_348": "https://images.unsplash.com/photo-1594633312681-425c7b97ccd1?w=400&h=400&fit=crop&crop=center&auto=format&q=80",
  "image_349": "https://images.unsplash.com/photo-1505740420928-5e560c06d30e?w=400&h=400&fit=crop&crop=center&auto=format&q=80",
  "image_350": "https://images.unsplash.com/photo-1506630448388-4e683c67ddb0?w=400&h=400&fit=crop&crop=center&auto=format&q=80",
  "image_351": "https://images.unsplash.com/photo-1542272604-787c3835535d?w=400&h=400&fit=crop&crop=center&auto=format&q=80",
  "image_352": "https://images.unsplash.com/photo-1571513728751-8c9d6e7c7c3b?w=400&h=400&fit=crop&crop=center&auto=format&q=80",
  "image_353": "https://images.unsplash.com/photo-1574269909862-7e1d70bb8078?w=400&h=400&fit=crop&crop=center&auto=format&q=80",
  "image_354": "https://images.unsplash.com/photo-1506630448388-4e683c67ddb0?w=400&h=400&fit=crop&crop=center&auto=format&q=80",
  "image_355": "https://images.unsplash.com/photo-1556821840-3a63f95609a7?w=400&h=400&fit=crop&crop=center&auto=format&q=80",
  "image_356": "https://images.unsplash.com/photo-1594633312681-425c7b97ccd1?w=400&h=400&fit=crop&crop=center&auto=format&q=80",
  "image_357": "https://images.unsplash.com/photo-1527443224154-c4a3942d3acf?w=400&h=400&fit=crop&crop=center&auto=format&q=80",
  "image_358": "https://images.unsplash.com/photo-1603561596112-df9d7f5e0c0e?w=400&h=400&fit=crop&crop=center&auto=format&q=80",
  "image_359": "https://images.unsplash.com/photo-1521572163474-6864f9cf17ab?w=400&h=400&fit=crop&crop=center&auto=format&q=80",
  "image_360": "https://images.unsplash.com/photo-1594633312681-425c7b97ccd1?w=400&h=400&fit=crop&crop=center&auto=format&q=80",
  "image_361": "https://images.unsplash.com/photo-1505740420928-5e560c06d30e?w=400&h=400&fit=crop&crop=center&auto=format&q=80",
  "image_362": "https://images.unsplash.com/photo-1605100804763-247f67b3557e?w=400&h=400&fit=crop&crop=center&auto=format&q=80",
  "image_363": "https://images.unsplash.com/photo-1556821840-3a63f95609a7?w=400&h=400&fit=crop&crop=center&auto=format&q=80",
  "image_364": "https://images.unsplash.com/photo-1571513728751-8c9d6e7c7c3b?w=400&h=400&fit=crop&crop=center&auto=format&q=80",
  "image_365": "https://images.unsplash.com/photo-1527443224154-c4a3942d3acf?w=400&h=400&fit=crop&crop=center&auto=format&q=80",
  "image_366": "https://images.unsplash.com/photo-1515562141207-7a88fb7ce338?w=400&h=400&fit=crop&crop=center&auto=format&q=80",
  "image_367": "https://images.unsplash.com/photo-1556821840-3a63f95609a7?w=400&h=400&fit=crop&crop=center&auto=format&q=80",
  "image_368": "https://images.unsplash.com/photo-1571513728751-8c9d6e7c7c3b?w=400&h=400&fit=crop&crop=center&auto=format&q=80",
  "image_369": "https://images.unsplash.com/photo-1560472354-b33ff0c44a43?w=400&h=400&fit=crop&crop=center&auto=format&q=80",
  "image_370": "https://images.unsplash.com/photo-1506630448388-4e683c67ddb0?w=400&h=400&fit=crop&crop=center&auto=format&q=80",
  "image_371": "https://images.unsplash.com/photo-1521572163474-6864f9cf17ab?w=400&h=400&fit=crop&crop=center&auto=format&q=80",
  "image_372": "https://images.unsplash.com/photo-1515372039744-b8f02a3ae446?w=400&h=400&fit=crop&crop=center&auto=format&q=80",
  "image_373": "https://images.unsplash.com/photo-1505740420928-5e560c06d30e?w=400&h=400&fit=crop&crop=center&auto=format&q=80",
  "image_374": "https://images.unsplash.com/photo-1603561596112-df9d7f5e0c0e?w=400&h=400&fit=crop&crop=center&auto=format&q=80",
  "image_375": "https://images.unsplash.com/photo-1521572163474-6864f9cf17ab?w=400&h=400&fit=crop&crop=center&auto=format&q=80",
  "image_376": "https://images.unsplash.com/photo-1571513728751-8c9d6e7c7c3b?w=400&h=400&fit=crop&crop=center&auto=format&q=80",
  "image_377": "https://images.unsplash.com/photo-1574269909862-7e1d70bb8078?w=400&h=400&fit=crop&crop=center&auto=format&q=80",
  "image_378": "https://images.unsplash.com/photo-1605100804763-247f67b3557e?w=400&h=400&fit=crop&crop=center&auto=format&q=80",
  "image_379": "https://images.unsplash.com/photo-1551028719-00167b16eac5?w=400&h=400&fit=crop&crop=center&auto=format&q=80",
  "image_380": "https://images.unsplash.com/photo-1571513728751-8c9d6e7c7c3b?w=400&h=400&fit=crop&crop=center&auto=format&q=80",
  "image_381": "https://images.unsplash.com/photo-1560472354-b33ff0c44a43?w=400&h=400&fit=crop&crop=center&auto=format&q=80",
  "image_382": "https://images.unsplash.com/photo-1605100804763-247f67b3557e?w=400&h=400&fit=crop&crop=center&auto=format&q=80",
  "image_383": "https://images.unsplash.com/photo-1551028719-00167b16eac5?w=400&h=400&fit=crop&crop=center&auto=format&q=80",
  "image_384": "https://images.unsplash.com/photo-1515372039744-b8f02a3ae446?w=400&h=400&fit=crop&crop=center&auto=format&q=80",
  "image_385": "https://images.unsplash.com/photo-1558618047-3c8c76ca7d13?w=400&h=400&fit=crop&crop=center&auto=format&q=80",
  "image_386": "https://images.unsplash.com/photo-1603561596112-df9d7f5e0c0e?w=400&h=400&fit=crop&crop=center&auto=format&q=80",
  "image_387": "https://images.unsplash.com/photo-1556821840-3a63f95609a7?w=400&h=400&fit=crop&crop=center&auto=format&q=80",
  "image_388": "https://images.unsplash.com/photo-1583496661160-fb5886a13d5e?w=400&h=400&fit=crop&crop=center&auto=format&q=80",
  "image_389": "https://images.unsplash.com/photo-1527443224154-c4a3942d3acf?w=400&h=400&fit=crop&crop=center&auto=format&q=80",
  "image_390": "https://images.unsplash.com/photo-1506630448388-4e683c67ddb0?w=400&h=400&fit=crop&crop=center&auto=format&q=80",
  "image_391": "https://images.unsplash.com/photo-1521572163474-6864f9cf17ab?w=400&h=400&fit=crop&crop=center&auto=format&q=80",
  "image_392": "https://images.unsplash.com/photo-1571513728751-8c9d6e7c7c3b?w=400&h=400&fit=crop&crop=center&auto=format&q=80",
  "image_393": "https://images.unsplash.com/photo-1558618047-3c8c76ca7d13?w=400&h=400&fit=crop&crop=center&auto=format&q=80",
  "image_394": "https://images.unsplash.com/photo-1603561596112-df9d7f5e0c0e?w=400&h=400&fit=crop&crop=center&auto=format&q=80",
  "image_395": "https://images.unsplash.com/photo-1551028719-00167b16eac5?w=400&h=400&fit=crop&crop=center&auto=format&q=80",
  "image_396": "https://images.unsplash.com/photo-1594633312681-425c7b97ccd1?w=400&h=400&fit=crop&crop=center&auto=format&q=80",
  "image_397": "https://images.unsplash.com/photo-1511707171634-5f897ff02aa9?w=400&h=400&fit=crop&crop=center&auto=format&q=80",
  "image_398": "https://images.unsplash.com/photo-1515562141207-7a88fb7ce338?w=400&h=400&fit=crop&crop=center&auto=format&q=80",
  "image_399": "https://images.unsplash.com/photo-1556821840-3a63f95609a7?w=400&h=400&fit=crop&crop=center&auto=format&q=80",
  "image_400": "https://images.unsplash.com/photo-1515372039744-b8f02a3ae446?w=400&h=400&fit=crop&crop=center&auto=format&q=80",
  "image_401": "https://images.unsplash.com/photo-1511707171634-5f897ff02aa9?w=400&h=400&fit=crop&crop=center&auto=format&q=80",
  "image_402": "https://images.unsplash.com/photo-1605100804763-247f67b3557e?w=400&h=400&fit=crop&crop=center&auto=format&q=80",
  "image_403": "https://images.unsplash.com/photo-1556821840-3a63f95609a7?w=400&h=400&fit=crop&crop=center&auto=format&q=80",
  "image_404": "https://images.unsplash.com/photo-1594633312681-425c7b97ccd1?w=400&h=400&fit=crop&crop=center&auto=format&q=80",
  "image_405": "https://images.unsplash.com/photo-1560472354-b33ff0c44a43?w=400&h=400&fit=crop&crop=center&auto=format&q=80",
  "image_406": "https://images.unsplash.com/photo-1506630448388-4e683c67ddb0?w=400&h=400&fit=crop&crop=center&auto=format&q=80",
  "image_407": "https://images.unsplash.com/photo-1521572163474-6864f9cf17ab?w=400&h=400&fit=crop&crop=center&auto=format&q=80",
  "image_408": "https://images.unsplash.com/photo-1594633312681-425c7b97ccd1?w=400&h=400&fit=crop&crop=center&auto=format&q=80",
  "image_409": "https://images.unsplash.com/photo-1523275335684-37898b6baf30?w=400&h=400&fit=crop&crop=center&auto=format&q=80",
  "image_410": "https://images.unsplash.com/photo-1515562141207-7a88fb7ce338?w=400&h=400&fit=crop&crop=center&auto=format&q=80",
  "image_411": "https://images.unsplash.com/photo-1542272604-787c3835535d?w=400&h=400&fit=crop&crop=center&auto=format&q=80",
  "image_412": "https://images.unsplash.com/photo-1515372039744-b8f02a3ae446?w=400&h=400&fit=crop&crop=center&auto=format&q=80",
  "image_413": "https://images.unsplash.com/photo-1558618047-3c8c76ca7d13?w=400&h=400&fit=crop&crop=center&auto=format&q=80",
  "image_414": "https://images.unsplash.com/photo-1605100804763-247f67b3557e?w=400&h=400&fit=crop&crop=center&auto=format&q=80",
  "image_415": "https://images.unsplash.com/photo-1521572163474-6864f9cf17ab?w=400&h=400&fit=crop&crop=center&auto=format&q=80",
  "image_416": "https://images.unsplash.com/photo-1571513728751-8c9d6e7c7c3b?w=400&h=400&fit=crop&crop=center&auto=format&q=80",
  "image_417": "https://images.unsplash.com/photo-1505740420928-5e560c06d30e?w=400&h=400&fit=crop&crop=center&auto=format&q=80",
  "image_418": "https://images.unsplash.com/photo-1506630448388-4e683c67ddb0?w=400&h=400&fit=crop&crop=center&auto=format&q=80",
  "image_419": "https://images.unsplash.com/photo-1556821840-3a63f95609a7?w=400&h=400&fit=crop&crop=center&auto=format&q=80",
  "image_420": "https://images.unsplash.com/photo-1515372039744-b8f02a3ae446?w=400&h=400&fit=crop&crop=center&auto=format&q=80",
  "image_421": "https://images.unsplash.com/photo-1558618047-3c8c76ca7d13?w=400&h=400&fit=crop&crop=center&auto=format&q=80",
  "image_422": "https://images.unsplash.com/photo-1605100804763-247f67b3557e?w=400&h=400&fit=crop&crop=center&auto=format&q=80",
  "image_423": "https://images.unsplash.com/photo-1521572163474-6864f9cf17ab?w=400&h=400&fit=crop&crop=center&auto=format&q=80",
  "image_424": "https://images.unsplash.com/photo-1594633312681-425c7b97ccd1?w=400&h=400&fit=crop&crop=center&auto=format&q=80",
  "image_425": "https://images.unsplash.com/photo-1558618047-3c8c76ca7d13?w=400&h=400&fit=crop&crop=center&auto=format&q=80",
  "image_426": "https://images.unsplash.com/photo-1603561596112-df9d7f5e0c0e?w=400&h=400&fit=crop&crop=center&auto=format&q=80",
  "image_427": "https://images.unsplash.com/photo-1551028719-00167b16eac5?w=400&h=400&fit=crop&crop=center&auto=format&q=80",
  "image_428": "https://images.unsplash.com/photo-1583496661160-fb5886a13d5e?w=400&h=400&fit=crop&crop=center&auto=format&q=80",
  "image_429": "https://images.unsplash.com/photo-1558618047-3c8c76ca7d13?w=400&h=400&fit=crop&crop=center&auto=format&q=80",
  "image_430": "https://images.unsplash.com/photo-1605100804763-247f67b3557e?w=400&h=400&fit=crop&crop=center&auto=format&q=80",
  "image_431": "https://images.unsplash.com/photo-1556821840-3a63f95609a7?w=400&h=400&fit=crop&crop=center&auto=format&q=80",
  "image_432": "https://images.unsplash.com/photo-1594633312681-425c7b97ccd1?w=400&h=400&fit=crop&crop=center&auto=format&q=80",
  "image_433": "https://images.unsplash.com/photo-1523275335684-37898b6baf30?w=400&h=400&fit=crop&crop=center&auto=format&q=80",
  "image_434": "https://images.unsplash.com/photo-1605100804763-247f67b3557e?w=400&h=400&fit=crop&crop=center&auto=format&q=80",
  "image_435": "https://images.unsplash.com/photo-1551028719-00167b16eac5?w=400&h=400&fit=crop&crop=center&auto=format&q=80",
  "image_436": "https://images.unsplash.com/photo-1583496661160-fb5886a13d5e?w=400&h=400&fit=crop&crop=center&auto=format&q=80",
  "image_437": "https://images.unsplash.com/photo-1511707171634-5f897ff02aa9?w=400&h=400&fit=crop&crop=center&auto=format&q=80",
  "image_438": "https://images.unsplash.com/photo-1506630448388-4e683c67ddb0?w=400&h=400&fit=crop&crop=center&auto=format&q=80",
  "image_439": "https://images.unsplash.com/photo-1521572163474-6864f9cf17ab?w=400&h=400&fit=crop&crop=center&auto=format&q=80",
  "image_440": "https://images.unsplash.com/photo-1583496661160-fb5886a13d5e?w=400&h=400&fit=crop&crop=center&auto=format&q=80",
  "image_441": "https://images.unsplash.com/photo-1574269909862-7e1d70bb8078?w=400&h=400&fit=crop&crop=center&auto=format&q=80",
  "image_442": "https://images.unsplash.com/photo-1605100804763-247f67b3557e?w=400&h=400&fit=crop&crop=center&auto=format&q=80",
  "image_443": "https://images.unsplash.com/photo-1542272604-787c3835535d?w=400&h=400&fit=crop&crop=center&auto=format&q=80",
  "image_444": "https://images.unsplash.com/photo-1583496661160-fb5886a13d5e?w=400&h=400&fit=crop&crop=center&auto=format&q=80",
  "image_445": "https://images.unsplash.com/photo-1505740420928-5e560c06d30e?w=400&h=400&fit=crop&crop=center&auto=format&q=80",
  "image_446": "https://images.unsplash.com/photo-1603561596112-df9d7f5e0c0e?w=400&h=400&fit=crop&crop=center&auto=format&q=80",
  "image_447": "https://images.unsplash.com/photo-1542272604-787c3835535d?w=400&h=400&fit=crop&crop=center&auto=format&q=80",
  "image_448": "https://images.unsplash.com/photo-1594633312681-425c7b97ccd1?w=400&h=400&fit=crop&crop=center&auto=format&q=80",
  "image_449": "https://images.unsplash.com/photo-1511707171634-5f897ff02aa9?w=400&h=400&fit=crop&crop=center&auto=format&q=80",
  "image_450": "https://images.unsplash.com/photo-1603561596112-df9d7f5e0c0e?w=400&h=400&fit=crop&crop=center&auto=format&q=80",
  "image_451": "https://images.unsplash.com/photo-1542272604-787c3835535d?w=400&h=400&fit=crop&crop=center&auto=format&q=80",
  "image_452": "https://images.unsplash.com/photo-1594633312681-425c7b97ccd1?w=400&h=400&fit=crop&crop=center&auto=format&q=80",
  "image_453": "https://images.unsplash.com/photo-1581578731548-c6a0c3f2b4a4?w=400&h=400&fit=crop&crop=center&auto=format&q=80",
  "image_454": "https://images.unsplash.com/photo-1515562141207-7a88fb7ce338?w=400&h=400&fit=crop&crop=center&auto=format&q=80",
  "image_455": "https://images.unsplash.com/photo-1551028719-00167b16eac5?w=400&h=400&fit=crop&crop=center&auto=format&q=80",
  "image_456": "https://images.unsplash.com/photo-1571513728751-8c9d6e7c7c3b?w=400&h=400&fit=crop&crop=center&auto=format&q=80",
  "image_457": "https://images.unsplash.com/photo-1581578731548-c6a0c3f2b4a4?w=400&h=400&fit=crop&crop=center&auto=format&q=80",
  "image_458": "https://images.unsplash.com/photo-1603561596112-df9d7f5e0c0e?w=400&h=400&fit=crop&crop=center&auto=format&q=80",
  "image_459": "https://images.unsplash.com/photo-1542272604-787c3835535d?w=400&h=400&fit=crop&crop=center&auto=format&q=80",
  "image_460": "https://images.unsplash.com/photo-1571513728751-8c9d6e7c7c3b?w=400&h=400&fit=crop&crop=center&auto=format&q=80",
  "image_461": "https://images.unsplash.com/photo-1558618047-3c8c76ca7d13?w=400&h=400&fit=crop&crop=center&auto=format&q=80",
  "image_462": "https://images.unsplash.com/photo-1605100804763-247f67b3557e?w=400&h=400&fit=crop&crop=center&auto=format&q=80",
  "image_463": "https://images.unsplash.com/photo-1556821840-3a63f95609a7?w=400&h=400&fit=crop&crop=center&auto=format&q=80",
  "image_464": "https://images.unsplash.com/photo-1594633312681-425c7b97ccd1?w=400&h=400&fit=crop&crop=center&auto=format&q=80",
  "image_465": "https://images.unsplash.com/photo-1511707171634-5f897ff02aa9?w=400&h=400&fit=crop&crop=center&auto=format&q=80",
  "image_466": "https://images.unsplash.com/photo-1603561596112-df9d7f5e0c0e?w=400&h=400&fit=crop&crop=center&auto=format&q=80",
  "image_467": "https://images.unsplash.com/photo-1551028719-00167b16eac5?w=400&h=400&fit=crop&crop=center&auto=format&q=80",
  "image_468": "https://images.unsplash.com/photo-1515372039744-b8f02a3ae446?w=400&h=400&fit=crop&crop=center&auto=format&q=80",
  "image_469": "https://images.unsplash.com/photo-1498049794561-7780e7231661?w=400&h=400&fit=crop&crop=center&auto=format&q=80",
  "image_470": "https://images.unsplash.com/photo-1506630448388-4e683c67ddb0?w=400&h=400&fit=crop&crop=center&auto=format&q=80",
  "image_471": "https://images.unsplash.com/photo-1556821840-3a63f95609a7?w=400&h=400&fit=crop&crop=center&auto=format&q=80",
  "image_472": "https://images.unsplash.com/photo-1583496661160-fb5886a13d5e?w=400&h=400&fit=crop&crop=center&auto=format&q=80",
  "image_473": "https://images.unsplash.com/photo-1505740420928-5e560c06d30e?w=400&h=400&fit=crop&crop=center&auto=format&q=80",
  "image_474": "https://images.unsplash.com/photo-1605100804763-247f67b3557e?w=400&h=400&fit=crop&crop=center&auto=format&q=80",
  "image_475": "https://images.unsplash.com/photo-1542272604-787c3835535d?w=400&h=400&fit=crop&crop=center&auto=format&q=80",
  "image_476": "https://images.unsplash.com/photo-1583496661160-fb5886a13d5e?w=400&h=400&fit=crop&crop=center&auto=format&q=80",
  "image_477": "https://images.unsplash.com/photo-1498049794561-7780e7231661?w=400&h=400&fit=crop&crop=center&auto=format&q=80",
  "image_478": "https://images.unsplash.com/photo-1603561596112-df9d7f5e0c0e?w=400&h=400&fit=crop&crop=center&auto=format&q=80",
  "image_479": "https://images.unsplash.com/photo-1556821840-3a63f95609a7?w=400&h=400&fit=crop&crop=center&auto=format&q=80",
  "image_480": "https://images.unsplash.com/photo-1583496661160-fb5886a13d5e?w=400&h=400&fit=crop&crop=center&auto=format&q=80",
  "image_481": "https://images.unsplash.com/photo-1574269909862-7e1d70bb8078?w=400&h=400&fit=crop&crop=center&auto=format&q=80",
  "image_482": "https://images.unsplash.com/photo-1605100804763-247f67b3557e?w=400&h=400&fit=crop&crop=center&auto=format&q=80",
  "image_483": "https://images.unsplash.com/photo-1551028719-00167b16eac5?w=400&h=400&fit=crop&crop=center&auto=format&q=80",
  "image_484": "https://images.unsplash.com/photo-1571513728751-8c9d6e7c7c3b?w=400&h=400&fit=crop&crop=center&auto=format&q=80",
  "image_485": "https://images.unsplash.com/photo-1558618047-3c8c76ca7d13?w=400&h=400&fit=crop&crop=center&auto=format&q=80",
  "image_486": "https://images.unsplash.com/photo-1506630448388-4e683c67ddb0?w=400&h=400&fit=crop&crop=center&auto=format&q=80",
  "image_487": "https://images.unsplash.com/photo-1521572163474-6864f9cf17ab?w=400&h=400&fit=crop&crop=center&auto=format&q=80",
  "image_488": "https://images.unsplash.com/photo-1515372039744-b8f02a3ae446?w=400&h=400&fit=crop&crop=center&auto=format&q=80",
  "image_489": "https://images.unsplash.com/photo-1560472354-b33ff0c44a43?w=400&h=400&fit=crop&crop=center&auto=format&q=80",
  "image_490": "https://images.unsplash.com/photo-1605100804763-247f67b3557e?w=400&h=400&fit=crop&crop=center&auto=format&q=80",
  "image_491": "https://images.unsplash.com/photo-1542272604-787c3835535d?w=400&h=400&fit=crop&crop=center&auto=format&q=80",
  "image_492": "https://images.unsplash.com/photo-1583496661160-fb5886a13d5e?w=400&h=400&fit=crop&crop=center&auto=format&q=80",
  "image_493": "https://images.unsplash.com/photo-1558618047-3c8c76ca7d13?w=400&h=400&fit=crop&crop=center&auto=format&q=80",
  "image_494": "https://images.unsplash.com/photo-1506630448388-4e683c67ddb0?w=400&h=400&fit=crop&crop=center&auto=format&q=80",
  "image_495": "https://images.unsplash.com/photo-1556821840-3a63f95609a7?w=400&h=400&fit=crop&crop=center&auto=format&q=80",
  "image_496": "https://images.unsplash.com/photo-1515372039744-b8f02a3ae446?w=400&h=400&fit=crop&crop=center&auto=format&q=80",
  "image_497": "https://images.unsplash.com/photo-1581578731548-c6a0c3f2b4a4?w=400&h=400&fit=crop&crop=center&auto=format&q=80",
  "image_498": "https://images.unsplash.com/photo-1515562141207-7a88fb7ce338?w=400&h=400&fit=crop&crop=center&auto=format&q=80",
  "image_499": "https://images.unsplash.com/photo-1551028719-00167b16eac5?w=400&h=400&fit=crop&crop=center&auto=format&q=80",
  "image_500": "https://images.unsplash.com/photo-1515372039744-b8f02a3ae446?w=400&h=400&fit=crop&crop=center&auto=format&q=80"
}